{"cameraMode":{"drawMode":0,"name":"Shaded","section":"Shading Mode"},"sceneLighting":false,"audioPlay":false,"sceneViewState":{"showFog":true,"showMaterialUpdate":false,"showSkybox":false,"showFlares":true,"showImageEffects":true,"showParticleSystems":true},"in2DMode":false,"pivot":{"x":0.8362082242965698,"y":1.0907392501831055,"z":1.7566008567810059},"rotation":{"x":-0.09171807020902634,"y":0.7252435684204102,"z":-0.09850313514471054,"w":-0.6752310395240784},"size":1.3142489194869996,"orthographic":true}