{"cameraMode":{"drawMode":0,"name":"Shaded","section":"Shading Mode"},"sceneLighting":true,"audioPlay":false,"sceneViewState":{"showFog":true,"showMaterialUpdate":false,"showSkybox":true,"showFlares":true,"showImageEffects":true,"showParticleSystems":true},"in2DMode":false,"pivot":{"x":-0.5670396089553833,"y":-0.5973919630050659,"z":-10.2224760055542},"rotation":{"x":-0.07406812161207199,"y":0.713385283946991,"z":-0.07624940574169159,"w":-0.6927034258842468},"size":7.13747501373291,"orthographic":false}