{"cameraMode":{"drawMode":0,"name":"Shaded","section":"Shading Mode"},"sceneLighting":true,"audioPlay":false,"sceneViewState":{"showFog":true,"showMaterialUpdate":false,"showSkybox":true,"showFlares":true,"showImageEffects":true,"showParticleSystems":true},"in2DMode":false,"pivot":{"x":-0.19552230834960938,"y":-0.10904216766357422,"z":-5.482503890991211},"rotation":{"x":-0.18063704669475556,"y":0.29914674162864687,"z":-0.05778344348073006,"w":-0.9351722598075867},"size":8.316827774047852,"orthographic":false}